1,Higgins,
2,Millwood,
3,Van Pelt,
4,Hocking,
5,Gouicem,
6,Langford,
7,Williams,
8,Robinson,
9,Alhamidi,
10,Cass,
11,Leavy,
12,Tyrell,
13,Ghafournejad,
14,Cox,
15,Raniga,
16,Olsson,
17,Alemara,
18,O'Carroll,
19,Nguyen,
20,Nallainathan,
21,Lea,
22,Stefancic,
23,Luddington,
24,Ottley,
25,Oreta,
26,Tjahjono,
27,Britten,
28,Wang,
29,Radovic,
30,Tong,
31,Balaji,
32,Devine,
33,Dorahy,
34,Visitor,
35,Omeros,
36,Segers,
37,Rasuli,
38,McGrath,
39,Kannangara,
40,Ferreira,
41,Rutz,
42,Gray,
43,Curtis,
44,Mackenzie ,
45,Higgins,
46,Pedrosa,
47,Marshall ,
48,Keynes,
49,Sultan ,
50,Kowalik,
51,Thomas,
52,Gilbert,
53,Cocks,
54,Croft,
55,Josey,
56,Mills,
57,Timofeeva,
58,Johnston ,
59,Starr,
60,Bae,
61,Aljorani,
62,McFadden ,
63,Gopinath,
64,Gallagher ,
65,Williamson ,
66,Allen,
67,Brown,
69,Bachana Bowa,
70,Do,
